url,filename,uppercaption,lowercaption,views,upvote
https://i.imgflip.com/66ukw1.jpg,Captain-Hindsight.jpg,if you didn't want to get caught by the police,then you shouldn't have tried sneaking into a  police station,89,4
https://i.imgflip.com/291fla.jpg,Captain-Hindsight.jpg,if we had never made babies,there would be no school shootings,12401,0
https://i.imgflip.com/1j1ldc.jpg,Captain-Hindsight.jpg,if you dont want to look like an idiot online,you should have done some research before you discuss,12840,0
https://i.imgflip.com/4lvhaa.jpg,Captain-Hindsight.jpg,up up up,and ur gay,1111,4
https://i.imgflip.com/46n7cs.jpg,Captain-Hindsight.jpg,if every single person wore a mask,then everyone would know that catching micron size virus with cheap masks is like using a tuna net to catch guppies.,1722,4
https://i.imgflip.com/25zkn5.jpg,Captain-Hindsight.jpg,if you didn't want trump president,you shouldn't have nominated hitlerry,2465,0
https://i.imgflip.com/33nxl8.jpg,Captain-Hindsight.jpg,if you didn't want your kneecaps broken,you shouldn't have borrowed money from vinny salvatino,2609,0
https://i.imgflip.com/1808nl.jpg,Captain-Hindsight.jpg,if you didn't want to be perceived as dishonest and untrustworthy,then you shouldn't have been dishonest and untrustworthy,11184,0
https://i.imgflip.com/4ebqcw.jpg,Captain-Hindsight.jpg,you should've raked the leaves,"gotta take care of the floors, you know the floors of the forrest it very important",1064,2
https://i.imgflip.com/2qkle3.jpg,Captain-Hindsight.jpg,if you wanted a funny opening monologue,you should not have watched the golden globes,2025,0
https://i.imgflip.com/3bzmek.jpg,Captain-Hindsight.jpg,that is a cloud,thank you captain hindsight,2146,5
https://i.imgflip.com/3x1e6x.jpg,Captain-Hindsight.jpg,if you don't want to be seen desperate on imgflip,then you shouldn't be begging for more upvotes,1183,3
https://i.imgflip.com/1q71wk.jpg,Captain-Hindsight.jpg,if you didn't want your career to end,then you shouldn't have posted a photo of you holding a bloodied decapitated head of the president.,4250,19
https://i.imgflip.com/2uczwd.jpg,Captain-Hindsight.jpg,"if you don't want to lose your career, face jail time and being the most hateful individual",then you shouldn't hired two guys to fake the attack,1539,8
https://i.imgflip.com/1dbc8g.jpg,Captain-Hindsight.jpg,if you didn't want the email investigation to reopen,then you should not have withheld evidence from the fbi on a pedophile's computer,1963,0
https://i.imgflip.com/1g5086.jpg,Captain-Hindsight.jpg,we should have run,a different candidate besides hillary,1607,0
https://i.imgflip.com/18b4nh.jpg,Captain-Hindsight.jpg,if you wanted that promotion,you shouldn't have been such an asshole to everyone,1224,0
https://i.imgflip.com/1dvvoj.jpg,Captain-Hindsight.jpg,if you wanted your party to  win the general election,then you shouldn't have rigged the primary election,3442,0
https://i.imgflip.com/373azh.jpg,Captain-Hindsight.jpg,if you didn't want me to walk so close to your car,you shouldn't have stopped on the crosswalk,9518,2
https://i.imgflip.com/1w89fd.jpg,Captain-Hindsight.jpg,if you didn't want facebook to use your private data,you shouldn't have given them your private data,19081,9
https://i.imgflip.com/1d6zae.jpg,Captain-Hindsight.jpg,if people didn't want terrible presidential candidates,they should have taken more interest in voting during the primaries,1138,0
https://i.imgflip.com/1pway5.jpg,Captain-Hindsight.jpg,you shouldn't have been splashing around in great white shark infested waters,imitating a sea lion,1253,0
https://i.imgflip.com/2yhh18.jpg,Captain-Hindsight.jpg,being nice to a woman,doesn't make her to be romantically interested in you,1107,3
https://i.imgflip.com/18lzyq.jpg,Captain-Hindsight.jpg,if you wanted a good choice for president,you should've voted in the election primaries.,2251,0
https://i.imgflip.com/1dxerq.jpg,Captain-Hindsight.jpg,if you are upset clinton lost,then you shouldn't have assumed she was going to win,1032,10
https://i.imgflip.com/41cj9n.jpg,Captain-Hindsight.jpg,i will save you,tomorrow,104,1
https://i.imgflip.com/2jebur.jpg,Captain-Hindsight.jpg,if you didn't want to get ripped off on a loan,maybe you should have researched interest rates before commiting to it for 7 years,2794,4
https://i.imgflip.com/2glcvv.jpg,Captain-Hindsight.jpg,i should have of,spellchecked before submission.,856,3
https://i.imgflip.com/1aarqh.jpg,Captain-Hindsight.jpg,look,no title,1187,0
https://i.imgflip.com/182oug.jpg,Captain-Hindsight.jpg,if you wanted arrive before 11 at work,you should put your alarm before 11,1006,7
https://i.imgflip.com/17kbmb.jpg,Captain-Hindsight.jpg,if you want a beer,you should order a beer,1025,7
https://i.imgflip.com/150t3k.jpg,Captain-Hindsight.jpg,if you wanted a title,you should have went to the title fight,759,0
https://i.imgflip.com/1osmnh.jpg,Captain-Hindsight.jpg,if you didn't want people to offer their opinions on your facebook post,you shouldn't have posted on facebook,78902,3
https://i.imgflip.com/1rbo09.jpg,Captain-Hindsight.jpg,if you had to leave early in the morning for a trip,"perhaps you should have packed the night before, rather than staying out late drinking with friends",431721,3
https://i.imgflip.com/xek4q.jpg,Captain-Hindsight.jpg,if you wanted to get comments and upvotes on your meme,you shouldn't have made such a shitty meme,1040,0
https://i.imgflip.com/1bg8x3.jpg,Captain-Hindsight.jpg,if you didn't want your kids to make so much noise,you shouldn't have bought them harmonicas,715,8
https://i.imgflip.com/1ddmpx.jpg,Captain-Hindsight.jpg,you should have elected,different candidates in the first place,568,0
https://i.imgflip.com/1cru6b.jpg,Captain-Hindsight.jpg,they say hindsight is 20/20,"well, hindsight is actually 20/200",873,6
https://i.imgflip.com/1kxwk4.jpg,Captain-Hindsight.jpg,you should have run a different,candidate besides hillary,500,4
https://i.imgflip.com/1xpy6p.jpg,Captain-Hindsight.jpg,why is it 3 hours after an argument,i think of a good reply,1087,3
https://i.imgflip.com/1swm40.jpg,Captain-Hindsight.jpg,dennis rodmam was not a good choice,to broker stability with north korea,1074,0
https://i.imgflip.com/13wa8l.jpg,Captain-Hindsight.jpg,if you get a raise,then you will be adjusted for inflation,792,5
https://i.imgflip.com/xrr9d.jpg,Captain-Hindsight.jpg,if you wanted me to come over to your house,you shouldn't have made a big deal about the dogs barking and waking your boyfriend up every time i came over,3234,5
https://i.imgflip.com/2vbp09.jpg,Captain-Hindsight.jpg,if you didn't want people thinking you're a pedophile,you shouldn't have had 7 year olds sleeping in your bed,2018,1
https://i.imgflip.com/xdejj.jpg,Captain-Hindsight.jpg,if you understand how corrupt the u.s. government is,"then maybe you should grab your guns, storm congress, the supreme court, and the white house at the same time.",1450,0
https://i.imgflip.com/2gl63x.jpg,Captain-Hindsight.jpg,i shoukd habe ov,smellchecked vefore sumnition.,711,0
https://i.imgflip.com/150z0t.jpg,Captain-Hindsight.jpg,if you didn't want an argument,you should not have expressed your [conservative] opinion,640,6
https://i.imgflip.com/ysitv.jpg,Captain-Hindsight.jpg,if you didn't want to be called,you shouldn't have put your phone number in your email signature,4396,3
https://i.imgflip.com/29v60l.jpg,Captain-Hindsight.jpg,if you didn't want to turbocharge  your allergies,you probably shouldn't have driven to work with the top down on your car,13155,0
https://i.imgflip.com/2a9ti6.jpg,Captain-Hindsight.jpg,if you are sad that your favorite show is getting cancelled,you should have got more people to watch it before now,2210,1
https://i.imgflip.com/xkzy2.jpg,Captain-Hindsight.jpg,christian mingle,is a waste of time,639,0
https://i.imgflip.com/1lq40l.jpg,Captain-Hindsight.jpg,if you really want to change the world,then you shouldn't preach what you can't do,430,3
https://i.imgflip.com/xrefu.jpg,Captain-Hindsight.jpg,if i wanted to hear blank space five times,i wouldn't have turned on shuffle,1108,3
https://i.imgflip.com/1dvv89.jpg,Captain-Hindsight.jpg,if you wanted your party to  win the general election,then you shouldn't have rigged the primary election,476,2
https://i.imgflip.com/14fvly.jpg,Captain-Hindsight.jpg,if you did not like hair everywhere,then you should not have moved in with a woman,1442,2
https://i.imgflip.com/38d4bj.jpg,Captain-Hindsight.jpg,if you wanted me to keep your contact info,you shouldn't have ghosted me,2496,0
https://i.imgflip.com/30oot4.jpg,Captain-Hindsight.jpg,if you didnt want an octopus to try and eat your face,then you should have made sure it was dead before you did the same to it.,2823,0
https://i.imgflip.com/10crgh.jpg,Captain-Hindsight.jpg,that is why you don't jump,two weight classes!,427,2
https://i.imgflip.com/11rcwh.jpg,Captain-Hindsight.jpg,if you didn't want to get sick of hearing about how much money you've taken from the fossil fuel industry,you shouldn't have taken so much money from the fossil fuel industry,2201,0
https://i.imgflip.com/1qjr9m.jpg,Captain-Hindsight.jpg,if you don't want to wind up in therapy,you shouldn't go trick-or-treating as michelle obama and starve a bunch of kids!,208,1
https://i.imgflip.com/1eacus.jpg,Captain-Hindsight.jpg,ah ha ha ha,"stayin' alive, stayin' alive",182,1
https://i.imgflip.com/14r55g.jpg,Captain-Hindsight.jpg,if you didn't want a failing grade onr your report card,then you should have done your work in class,247,1
https://i.imgflip.com/3ewmcj.jpg,Captain-Hindsight.jpg,bad random life tip #1:,"to keep from tipping your waitress, once she sets your meal at the table, ask for to-go boxes.",618,0
https://i.imgflip.com/3de4rl.jpg,Captain-Hindsight.jpg,the eye should be,on my back,529,1
https://i.imgflip.com/2qpyip.jpg,Captain-Hindsight.jpg,it is a turbulent environment..do something eyeman,okay let me do planning and forecasting,317,0
https://i.imgflip.com/2f45ll.jpg,Captain-Hindsight.jpg,in the future maybe,we won't elect them if they are crazy,149,0
https://i.imgflip.com/24adtc.jpg,Captain-Hindsight.jpg,ill slap your face,back to trump again,126,0
https://i.imgflip.com/1zbdhm.jpg,Captain-Hindsight.jpg,thank you captain first degree,your work here is done,882,0
https://i.imgflip.com/18wfly.jpg,Captain-Hindsight.jpg,if you don't want the media analyzing your words and attacking you,don't say stupid things,774,2
https://i.imgflip.com/332ny8.jpg,Captain-Hindsight.jpg,if you didn't want to be on farmer welfare,you shouldn't have voted for trump,35754,1
https://i.imgflip.com/2a3q7g.jpg,Captain-Hindsight.jpg,i'd you smoke meth,your a tweeker,229,0
https://i.imgflip.com/64suoq.jpg,Samuel-L-Jackson-say-one-more-time.jpg,son of a botch,say that again,173,0
https://i.imgflip.com/4312k3.jpg,Samuel-L-Jackson-say-one-more-time.jpg,don't you wait another 10 years to complete your census it only takes 10 mins to do,www.2020census.gov,4334,2
https://i.imgflip.com/410ev5.jpg,Samuel-L-Jackson-say-one-more-time.jpg,"say ""in these unprecedented times"" one more time",i dare you,12724,2
https://i.imgflip.com/2h94mt.jpg,Samuel-L-Jackson-say-one-more-time.jpg,say nike,one more time,5679,3
https://i.imgflip.com/45s9yy.jpg,Samuel-L-Jackson-say-one-more-time.jpg,"say ""global pandemic""",one more time,6847,0
https://i.imgflip.com/20yw4y.jpg,Samuel-L-Jackson-say-one-more-time.jpg,internet m*****f****r,do you speak it?!,2324,0
https://i.imgflip.com/3stujz.jpg,Samuel-L-Jackson-say-one-more-time.jpg,"say ""coronavirus""",one more time,2810,0
https://i.imgflip.com/3yazal.jpg,Samuel-L-Jackson-say-one-more-time.jpg,go ahead say zoom meeting,one more time!!!,2488,0
https://i.imgflip.com/1v38sg.jpg,Samuel-L-Jackson-say-one-more-time.jpg,say do you have gas,one more time,6836,0
https://i.imgflip.com/65o4s5.jpg,Samuel-L-Jackson-say-one-more-time.jpg,ask how wl,one more time,26,0
https://i.imgflip.com/5qka4n.jpg,Obi-Wan-Kenobi-Jedi-Mind-Trick.jpg,if you want god to bless somebody then bless them,"you are his hands, you are his body don't let your prayers be empty handed words. act in faith, give freely",691,1
https://i.imgflip.com/5aj5kf.jpg,Obi-Wan-Kenobi-Jedi-Mind-Trick.jpg,you don't need to see my vaccine passport,move along,3671,3
https://i.imgflip.com/521z7m.jpg,Obi-Wan-Kenobi-Jedi-Mind-Trick.jpg,this is not the furry your looking for,"im totally not a fugitive, who just robbed a bank and stol 700,000 dollars",1322,3
https://i.imgflip.com/23q2zk.jpg,Obi-Wan-Kenobi-Jedi-Mind-Trick.jpg,you will now see c-3po,with a silver leg,6113,0
https://i.imgflip.com/21w8g1.jpg,Obi-Wan-Kenobi-Jedi-Mind-Trick.jpg,you will now,scroll down imgflip till your eyes hurt,4305,0
https://i.imgflip.com/ybak7.jpg,Obi-Wan-Kenobi-Jedi-Mind-Trick.jpg,you will give me,a paper towel.,28336,0
https://i.imgflip.com/1efmkb.jpg,Obi-Wan-Kenobi-Jedi-Mind-Trick.jpg,i am not,the single fellow you are looking for,2427,0
https://i.imgflip.com/1sm8ld.jpg,Obi-Wan-Kenobi-Jedi-Mind-Trick.jpg,and if you see so much as a tiny squirt gun involved in a crime,"you will think ""assault rifle"".",2260,0
https://i.imgflip.com/201xxg.jpg,Obi-Wan-Kenobi-Jedi-Mind-Trick.jpg,your mind doesn't mind my mind's,mind trick on your mind,9404,0
https://i.imgflip.com/14pkf7.jpg,Obi-Wan-Kenobi-Jedi-Mind-Trick.jpg,the dumbass  is strong,with this one!,2994,7
https://i.imgflip.com/1wgac4.jpg,Obi-Wan-Kenobi-Jedi-Mind-Trick.jpg,this is not the,apocalypse you're looking for,525,4
https://i.imgflip.com/1qgng4.jpg,Obi-Wan-Kenobi-Jedi-Mind-Trick.jpg,this meme,will make it to the hot list,1874,0
https://i.imgflip.com/11ui6l.jpg,Obi-Wan-Kenobi-Jedi-Mind-Trick.jpg,open the death star,stop having it be closed,2507,3
https://i.imgflip.com/11umn3.jpg,Obi-Wan-Kenobi-Jedi-Mind-Trick.jpg,bush never,invades iraq,495,0
https://i.imgflip.com/149swr.jpg,Obi-Wan-Kenobi-Jedi-Mind-Trick.jpg,there is no,iso shortage,1971,1
https://i.imgflip.com/1gnb1p.jpg,Obi-Wan-Kenobi-Jedi-Mind-Trick.jpg,"""you need to go buy that  new bdc kit today.""","""i think i'll go to pmt nottingham and buy that bdc kit today.""",1033,1
https://i.imgflip.com/151ub5.jpg,Obi-Wan-Kenobi-Jedi-Mind-Trick.jpg,this is not the meme,you want to make,474,0
https://i.imgflip.com/12kklt.jpg,Obi-Wan-Kenobi-Jedi-Mind-Trick.jpg,you will do,a volts observation,234,1
https://i.imgflip.com/yjgy4.jpg,Obi-Wan-Kenobi-Jedi-Mind-Trick.jpg,you now,like lotr,394,0
https://i.imgflip.com/131c7s.jpg,Obi-Wan-Kenobi-Jedi-Mind-Trick.jpg,these are not,the suspicious looking people you are trying to find right now,806,1
https://i.imgflip.com/187pfc.jpg,Obi-Wan-Kenobi-Jedi-Mind-Trick.jpg,the meme's,are strong with this one,523,1
https://i.imgflip.com/5euxg3.jpg,Obi-Wan-Kenobi-Jedi-Mind-Trick.jpg,these are the links,you are looking for,82,0
https://i.imgflip.com/226908.jpg,Obi-Wan-Kenobi-Jedi-Mind-Trick.jpg,these are not,the health krystals you are looking for,539,0
https://i.imgflip.com/1fjf67.jpg,Obi-Wan-Kenobi-Jedi-Mind-Trick.jpg,you don't think,i deserve to be on the naughty list this year,676,0
https://i.imgflip.com/y4hoi.jpg,Obi-Wan-Kenobi-Jedi-Mind-Trick.jpg,"id,   sure",he is old enough,382,0
https://i.imgflip.com/18erlc.jpg,Obi-Wan-Kenobi-Jedi-Mind-Trick.jpg,no need to look at competition,we will move forward with commvault,2760,0
https://i.imgflip.com/38tv1b.jpg,Obi-Wan-Kenobi-Jedi-Mind-Trick.jpg,i am not the droids,you're looking for,162,0
https://i.imgflip.com/5es8p7.jpg,Obi-Wan-Kenobi-Jedi-Mind-Trick.jpg,you will now obey me,upvote this meme,97,0
https://i.imgflip.com/46cxx2.jpg,You-have-no-power-here.jpg,when coronavirus is in your area but you installed antivirus,you have no power here,9790,0
https://i.imgflip.com/5dvaye.jpg,You-have-no-power-here.jpg,teacher: *says that we have to listen to her during online class*,me at home: you have no power here!,1165,5
https://i.imgflip.com/40l8bs.jpg,You-have-no-power-here.jpg,when the teacher tries to punish you in online class,you have no power here,4870,0
https://i.imgflip.com/4g02c4.jpg,You-have-no-power-here.jpg,teacher: dont eat in class virtual students:,you have no power here,1413,0
https://i.imgflip.com/2epbd6.jpg,You-have-no-power-here.jpg,when you live in seattle,and you get that one sunny day of the year in late july,4060,0
https://i.imgflip.com/4wu2jy.jpg,You-have-no-power-here.jpg,you have no power here,jackie weaver!,3638,0
https://i.imgflip.com/4o72yf.jpg,You-have-no-power-here.jpg,"when security tries to kick you out for not wearing a mask, but you cough on them and they flee in terror:",you have no power here,1161,4
https://i.imgflip.com/4l4yer.jpg,You-have-no-power-here.jpg,when the teacher says you cant log off until you answer the question,you have no power here,513,2
https://i.imgflip.com/36tnww.jpg,You-have-no-power-here.jpg,when the physio  in charge of your rehab gym is away and leaves other physics to run the session,you have no power here,2657,5
https://i.imgflip.com/3xbn1f.jpg,You-have-no-power-here.jpg,"my mom: takes away my phone so i canâ€™t talk to friends me, knowing i can just talk to my imgflip friends on my laptop:",you have no power here,509,3
https://i.imgflip.com/2nns8e.jpg,You-have-no-power-here.jpg,my credit is already in the shitter,you have no power here..!,2459,2
https://i.imgflip.com/1v2dme.jpg,You-have-no-power-here.jpg,doge,you have no power here!,722,0
https://i.imgflip.com/1i42o4.jpg,You-have-no-power-here.jpg,to the women who marched against trump,you have no power here!,1542,7
https://i.imgflip.com/1qxqp2.jpg,You-have-no-power-here.jpg,your technical analysis,has no power here,21498,3
https://i.imgflip.com/3dm5wu.jpg,You-have-no-power-here.jpg,me when a sub walks into the room:,you have no power here,550,1
https://i.imgflip.com/1etxdg.jpg,You-have-no-power-here.jpg,this isn't your safe space,you have no power here!,2624,4
https://i.imgflip.com/2t5xpf.jpg,You-have-no-power-here.jpg,just when you think u might freeze,boom 12hrs later power is back,920,1
https://i.imgflip.com/152re3.jpg,You-have-no-power-here.jpg,i have,"no power, here",3307,4
https://i.imgflip.com/154q4w.jpg,You-have-no-power-here.jpg,i have my bachelors and leaving in two months,you have no power here,2009,3
https://i.imgflip.com/103ua3.jpg,You-have-no-power-here.jpg,you have no power here,cliffhangers,1224,5
https://i.imgflip.com/1ynl8c.jpg,You-have-no-power-here.jpg,"mormon missionaries in loma linda, adventists be like:",you have no power here,665,1
https://i.imgflip.com/1v2dgv.jpg,You-have-no-power-here.jpg,lives on opposite side of world from hurricane harvey,you have no power here,506,1
https://i.imgflip.com/3zn0ug.jpg,You-have-no-power-here.jpg,me when my parents tell me to clean my room,you have no power here!,301,1
https://i.imgflip.com/1cqzsq.jpg,You-have-no-power-here.jpg,when you a libertarian and a liberal says you only quote white people quotes from martin luther king jr,so you repost your post on how black panthers were justified having armed protests,1188,0
https://i.imgflip.com/1dhfg2.jpg,You-have-no-power-here.jpg,when someone who didnt match any drugs trys too join the circle,you have no drugs here,301,1
https://i.imgflip.com/56p3yu.jpg,You-have-no-power-here.jpg,me to people who makes meme in anonymous because their meme can be easily reposted:,you have no power here,170,0
https://i.imgflip.com/180sww.jpg,You-have-no-power-here.jpg,digging into mongodb for my project as an sql user,you have no power here,991,0
https://i.imgflip.com/19a3nm.jpg,You-have-no-power-here.jpg,when people tell me i have to vote for either hillary or donald,you have no power here,225,2
https://i.imgflip.com/206n8h.jpg,You-have-no-power-here.jpg,when your watching a henry danger commercial while on the cartoon network:,you have no power here!,1512,0
https://i.imgflip.com/174aa8.jpg,You-have-no-power-here.jpg,your downvotes,have no power here,817,0
https://i.imgflip.com/3p4v7d.jpg,You-have-no-power-here.jpg,school tech team: the app's system is bugged to do nothing! me who installed as many games as possible before it fixed:,you have no power here,288,0
https://i.imgflip.com/43avgh.jpg,You-have-no-power-here.jpg,when you get rickrolled but you actually like the song,you have no power here,775,0
https://i.imgflip.com/50v6o5.jpg,Going-to-need-a-bigger-boat.jpg,i think weâ€™re going to need,a bigger yard.,1318,2
https://i.imgflip.com/4klrbe.jpg,Going-to-need-a-bigger-boat.jpg,going to need,a bigger booze cupboard,1505,1
https://i.imgflip.com/4gvrnu.jpg,Going-to-need-a-bigger-boat.jpg,me who did all the work but is to shy to present,"my friend  presenting ""our"" project""",1532,1
https://i.imgflip.com/23apip.jpg,Going-to-need-a-bigger-boat.jpg,we're gonna need a,bigger office,9691,2
https://i.imgflip.com/1z9jo2.jpg,Going-to-need-a-bigger-boat.jpg,we're gonna need,a bigger pizza delivery car,1629,3
https://i.imgflip.com/28jarx.jpg,Going-to-need-a-bigger-boat.jpg,we are going to need,a bigger mousetrap,1160,0
https://i.imgflip.com/1zeo9j.jpg,Going-to-need-a-bigger-boat.jpg,we're gonna need,a bigger monthly bandwidth cap,1757,2
https://i.imgflip.com/16ocag.jpg,Going-to-need-a-bigger-boat.jpg,you're going to need,a bigger car!,15122,0
https://i.imgflip.com/237q3x.jpg,Going-to-need-a-bigger-boat.jpg,where going to,need a bigger shit,741,1
https://i.imgflip.com/1j8shx.jpg,Going-to-need-a-bigger-boat.jpg,we're going to need,a bigger volcano,2267,0
https://i.imgflip.com/1ill1r.jpg,Going-to-need-a-bigger-boat.jpg,we're going to need,#abiggerwomensmarch,378,0
https://i.imgflip.com/46qzo0.jpg,Going-to-need-a-bigger-boat.jpg,we're  gonna  need  a,bigger  cooler,227,0
https://i.imgflip.com/2xxq1s.jpg,Going-to-need-a-bigger-boat.jpg,i think iâ€™m going to need a,bigger boat,871,0
https://i.imgflip.com/1xapcj.jpg,Going-to-need-a-bigger-boat.jpg,i think we're going to need,a bigger ball winder,370,0
https://i.imgflip.com/5eyg3x.jpg,Pepe-Silvia.jpg,i'm finding lethal,no just hear me out i got the combo,1842,1
https://i.imgflip.com/3t6bbv.jpg,Pepe-Silvia.jpg,me trying to explain to my friend,my plan to get my crush to date me,3061,2
https://i.imgflip.com/1u4tvt.jpg,Pepe-Silvia.jpg,when your trying to determine,who creeped your linkedin profile,5164,0
https://i.imgflip.com/3vu3yv.jpg,Pepe-Silvia.jpg,me explaining my kids how they ended up with an indian dad and an estonian mom,because some guy in china ate a bat,2192,1
https://i.imgflip.com/290t9p.jpg,Pepe-Silvia.jpg,trying to plot a threesome,with two girls who hate eachother.,1889,0
https://i.imgflip.com/5x0xx4.jpg,Pepe-Silvia.jpg,when your trying to predict,when the next pandemic is,449,1
https://i.imgflip.com/18977s.jpg,Pepe-Silvia.jpg,i spend all morning tracking down the guy who screwed up my order,and now he's gone to lunch!,5762,0
https://i.imgflip.com/2t2pwo.jpg,Pepe-Silvia.jpg,telling your friends,about a show you love,1037,1
https://i.imgflip.com/1cs71x.jpg,Pepe-Silvia.jpg,explaining to the manager how rotation works,because you keep getting skipped,965,1
https://i.imgflip.com/3248xf.jpg,Pepe-Silvia.jpg,when you bust out,the wiring schematics for the aftermarket switch in your guitar,873,0
https://i.imgflip.com/2mw2ha.jpg,Pepe-Silvia.jpg,way to get around article 13,change meme to mene,557,0
https://i.imgflip.com/35kzpm.jpg,Pepe-Silvia.jpg,me trying to figure out if the poop on my hand,belongs to me or the kid,312,0
https://i.imgflip.com/5r89fy.jpg,Bernie-sitting.jpg,make a chain of this meme in the comments,please dont break the chain,998,0
https://i.imgflip.com/4xr9by.jpg,Bernie-sitting.jpg,dad: getting mad at the traffic while taking kid to school,the kid waiting to tell him that he forgot his backpack at home:,3033,0
https://i.imgflip.com/56v6nq.jpg,Bernie-sitting.jpg,rwjr waiting,on east texas giving day,660,4
https://i.imgflip.com/4urcqa.jpg,Bernie-sitting.jpg,i am once again asking for you,to wrap this shit up,11331,6
https://i.imgflip.com/4zkkxe.jpg,Bernie-sitting.jpg,me waiting,for the timesheets to be approved,7290,4
https://i.imgflip.com/4v170q.jpg,Bernie-sitting.jpg,the class: going apeshit,the substitute teacher :,2689,6
https://i.imgflip.com/4y783y.jpg,Bernie-sitting.jpg,my uncle on the couch,after thanksgiving dinner,1175,4
https://i.imgflip.com/4ux4o0.jpg,Bernie-sitting.jpg,my submitted job waiting,when hpc under maintenance,3316,4
https://i.imgflip.com/4v4z0c.jpg,Bernie-sitting.jpg,me during greeting time at the church that i'm visiting,(also me during greeting time if we have one at my home church),1602,0
https://i.imgflip.com/4us4gr.jpg,Bernie-sitting.jpg,me scrolling through charged political posts,when all i want to see are bernie memes,3211,4
https://i.imgflip.com/4uu6yp.jpg,Bernie-sitting.jpg,3 hours of shopping,"finally, a place to sit",2050,4
https://i.imgflip.com/52qdqz.jpg,Bernie-sitting.jpg,me waiting,for your timesheet,403,3
https://i.imgflip.com/4uvrf7.jpg,Bernie-sitting.jpg,if you're cold they're cold,please bring them inside!,3419,3
https://i.imgflip.com/4y9lk3.jpg,Bernie-sitting.jpg,name a more wholesome meme,i'll wait.,918,3
https://i.imgflip.com/4w5h5t.jpg,Bernie-sitting.jpg,me at,school,944,3
https://i.imgflip.com/4xhgsk.jpg,Bernie-sitting.jpg,schadenfreude,making the world a better place,891,0
https://i.imgflip.com/4vor74.jpg,Bernie-sitting.jpg,me waiting for my students,to hand in their ielts homework,1184,2
https://i.imgflip.com/4velyq.jpg,Bernie-sitting.jpg,me waiting for my dad to get back from getting the milk,from the supermarket,1215,2
https://i.imgflip.com/4vbcnv.jpg,Bernie-sitting.jpg,some people can stay longer in an hour than others can in a week,but i'm not trying to stay here for an hour because its too damn cold,1129,2
https://i.imgflip.com/4v926v.jpg,Bernie-sitting.jpg,when your math teacher sits like this on the table,you know that u messed up,755,2
https://i.imgflip.com/4v4rtl.jpg,Bernie-sitting.jpg,bill watching brady,in the nfc championship game,845,2
https://i.imgflip.com/4uztqx.jpg,Bernie-sitting.jpg,joe biden got elected president,and all i got were these lousy mittens,835,3
https://i.imgflip.com/4uzowo.jpg,Bernie-sitting.jpg,my social life waiting on,"my degree, job, and children",672,2
https://i.imgflip.com/4usbs4.jpg,Bernie-sitting.jpg,when they say we have to go back to office,and i had no intention of wearing a bra in 2021,1236,1
https://i.imgflip.com/4wqd2m.jpg,Bernie-sitting.jpg,me when  i be in my joggers,and my white plain t-shirt,559,1
https://i.imgflip.com/4uuvnl.jpg,Bernie-sitting.jpg,me waiting on the spring,pampered chef products,1129,1
https://i.imgflip.com/4vfi53.jpg,Bernie-sitting.jpg,"""is he dead"" said kid",mom no honey just move along,519,1
https://i.imgflip.com/4vf04f.jpg,Bernie-sitting.jpg,social distancing at its best,example setter,170,1
https://i.imgflip.com/4ve480.jpg,Bernie-sitting.jpg,waiting for my students,to turn in their work,580,1
https://i.imgflip.com/4v61lp.jpg,Bernie-sitting.jpg,when you've had the presidency stolen from you twice,but you still have to attend both inaugurations,153,1
https://i.imgflip.com/4v5zk3.jpg,Bernie-sitting.jpg,me:,after my siblings win an argument!,135,1
https://i.imgflip.com/4v0e4r.jpg,Bernie-sitting.jpg,me at the ice-cream shop:,there would be free samples they said...,735,1
https://i.imgflip.com/4uxbee.jpg,Bernie-sitting.jpg,built for comfort,not for speed,611,1
https://i.imgflip.com/4urrfd.jpg,Bernie-sitting.jpg,packer game on sunday,bernie waiting for aaron rogers to beat tampa bay.,1066,0
https://i.imgflip.com/4vbocz.jpg,Bernie-sitting.jpg,bernie is love,bernie is life,120,1
https://i.imgflip.com/51j1wj.jpg,Bernie-sitting.jpg,yolo,the future is now old man,167,1
https://i.imgflip.com/4v4nsc.jpg,Bernie-sitting.jpg,if you're cold they're cold,you're an ass,170,0
https://i.imgflip.com/4uxtb7.jpg,Bernie-sitting.jpg,me waiting,for my taxreturn,287,0
https://i.imgflip.com/4utyxg.jpg,Bernie-sitting.jpg,me sitting here thinking,i'd rather be stamping!,496,0
https://i.imgflip.com/65vtgt.jpg,Blankie-the-Shocked-Dog.jpg,when a guy who likes me found out i like him,now we dating...,176,0
https://i.imgflip.com/62jpkw.jpg,Blankie-the-Shocked-Dog.jpg,you after you hear what happened to your bone when you broke your foot,whaaaaaaa,379,2
https://i.imgflip.com/5xpmg3.jpg,Blankie-the-Shocked-Dog.jpg,"when someone is called ligmaballs in a class game and your teacher asks: ""who is ligmaballs?""",without hesatation because they don't know what it means.,721,7
https://i.imgflip.com/5xzkda.jpg,Blankie-the-Shocked-Dog.jpg,canines in california trained to sniff out covid from old socks,you don't have covid but dear god wash your feet!,589,4
https://i.imgflip.com/60zm0e.jpg,Blankie-the-Shocked-Dog.jpg,that look he/she gets,when animal control is at the door,430,1
https://i.imgflip.com/5jvfn6.jpg,Blankie-the-Shocked-Dog.jpg,karens beating up a person who doesnt speak english,everybody else in the anime cosplay con:,1353,0
https://i.imgflip.com/5j15zl.jpg,Blankie-the-Shocked-Dog.jpg,me: *finally passes a math quiz*,also me:,877,4
https://i.imgflip.com/3jepok.jpg,Blankie-the-Shocked-Dog.jpg,there are 3 types of people in the world,those who can count and those who can't,3049,0
https://i.imgflip.com/55ytny.jpg,Blankie-the-Shocked-Dog.jpg,what do you mean,i'm adopted,1157,0
https://i.imgflip.com/5lb2ur.jpg,Blankie-the-Shocked-Dog.jpg,when the hoomans leave you home alone,and you see a chair move by itself,941,2
https://i.imgflip.com/3eosgx.jpg,Blankie-the-Shocked-Dog.jpg,when you get your prostate checked,and the doctor has both hands on your shoulders,2538,0
https://i.imgflip.com/4oplzp.jpg,Blankie-the-Shocked-Dog.jpg,me,when i got 5 upvotes in just 1 month,817,0
https://i.imgflip.com/3fvsmw.jpg,Blankie-the-Shocked-Dog.jpg,my emotional support dog,after i tell him all my problems,7045,0
https://i.imgflip.com/4x3ij3.jpg,Blankie-the-Shocked-Dog.jpg,when you said come here john,but you weren't calling me...,791,5
https://i.imgflip.com/4wz4i1.jpg,Blankie-the-Shocked-Dog.jpg,we are getting a cat,my dog,683,5
https://i.imgflip.com/4tkzvb.jpg,Blankie-the-Shocked-Dog.jpg,when someone said,you have homework,462,5
https://i.imgflip.com/4pulna.jpg,Blankie-the-Shocked-Dog.jpg,when your owner says,"""hoozagoodboy"" for the first time",286,0
https://i.imgflip.com/3xu41f.jpg,Blankie-the-Shocked-Dog.jpg,"every time your parents want to ""talk"" to you",please don't hurt me,484,8
https://i.imgflip.com/2whxe9.jpg,Blankie-the-Shocked-Dog.jpg,we can use emojis,in comments now??,1056,0
https://i.imgflip.com/44i5yx.jpg,Blankie-the-Shocked-Dog.jpg,when you hear your mum shouting at your sister,you then realising your next,425,0
https://i.imgflip.com/4lbx1f.jpg,Blankie-the-Shocked-Dog.jpg,what do you call a fish with no legs,a fish,311,3
https://i.imgflip.com/4fgp5u.jpg,Blankie-the-Shocked-Dog.jpg,there are 2 types of people in this world,"those who can help me hide the body, and those who are the body",325,0
https://i.imgflip.com/4si7nz.jpg,Blankie-the-Shocked-Dog.jpg,when youâ€™re clearing your weapon,and it goes bang instead of click,602,2
https://i.imgflip.com/3qtm94.jpg,Blankie-the-Shocked-Dog.jpg,when hooman,smell like other dogs,328,8
https://i.imgflip.com/4nrgak.jpg,Blankie-the-Shocked-Dog.jpg,everyone i think i found a predator on imgflip check him out he wants some s*x on some girls on memes,this is his name g_user_104764656553525453719,670,2
https://i.imgflip.com/54kzpx.jpg,Blankie-the-Shocked-Dog.jpg,when someone says that you have,shcool on sunday,157,1
https://i.imgflip.com/4lx8s8.jpg,Blankie-the-Shocked-Dog.jpg,my dog when,we get a cat,223,2
https://i.imgflip.com/2wdcd7.jpg,Blankie-the-Shocked-Dog.jpg,when the teacher asks you to tell the class,a little bit about yourself.,723,0
https://i.imgflip.com/3w4woj.jpg,Blankie-the-Shocked-Dog.jpg,when you see someone,text with their fingers,116,3
https://i.imgflip.com/11lw0e.jpg,Blankie-the-Shocked-Dog.jpg,you said a new friend,"was that a ""meow"" i just heard?",1623,0
https://i.imgflip.com/3upzf1.jpg,Blankie-the-Shocked-Dog.jpg,you spend your life barking at nothing,and this happens when someone is actually there.,263,3
https://i.imgflip.com/3ggbsr.jpg,Blankie-the-Shocked-Dog.jpg,when the teacher,calls on you,251,4
https://i.imgflip.com/3wiz4q.jpg,Blankie-the-Shocked-Dog.jpg,when you go into isolation,and get stuck with doing chores,457,0
https://i.imgflip.com/18502w.jpg,Blankie-the-Shocked-Dog.jpg,did you just say,wok the dog?,768,0
https://i.imgflip.com/4ii1w4.jpg,Blankie-the-Shocked-Dog.jpg,when ur told to,stay,556,1
https://i.imgflip.com/3n6vaj.jpg,Blankie-the-Shocked-Dog.jpg,when your best-friend-owner,looks at cat videos,397,2
https://i.imgflip.com/21qavj.jpg,Blankie-the-Shocked-Dog.jpg,this is the first time ever,i've seen anyone above raydog on the leaderboard,2571,0
https://i.imgflip.com/32qw1g.jpg,Blankie-the-Shocked-Dog.jpg,when you see,a back to school sign in the summer,511,4
https://i.imgflip.com/2jb6je.jpg,Blankie-the-Shocked-Dog.jpg,when did you decide,to stop sharing your lunch with me?,1071,0
https://i.imgflip.com/2fvjvd.jpg,Blankie-the-Shocked-Dog.jpg,just found out,he was compared to omarosa!,482,0
https://i.imgflip.com/2t2oux.jpg,Blankie-the-Shocked-Dog.jpg,when you realise,most memes are just modern dad jokes,724,3
https://i.imgflip.com/12do5g.jpg,Blankie-the-Shocked-Dog.jpg,when you've dropped a pile in the entryway,and you hear your owner's key in the door,813,0
https://i.imgflip.com/1ebeq7.jpg,Blankie-the-Shocked-Dog.jpg,when you realise,that the person you thought was a store employee so you asked them where the junk food aisle was turned out to not be an  employee,642,0
https://i.imgflip.com/3r72g0.jpg,Blankie-the-Shocked-Dog.jpg,i just told my bff i had never had chik fil'a,this was her reaction!,100,3
https://i.imgflip.com/2qn5vi.jpg,Blankie-the-Shocked-Dog.jpg,that moment when you walk in the ladies room,and you see one-ply toilet paper,411,0
https://i.imgflip.com/1txnb6.jpg,Blankie-the-Shocked-Dog.jpg,when its 10pm and strangers come nocking,on your door with cake for your b-day,286,5
https://i.imgflip.com/3es6el.jpg,Blankie-the-Shocked-Dog.jpg,when your class moves on to the next lesson,and your still dont understand what she just taught,343,1
https://i.imgflip.com/3ehf2m.jpg,Blankie-the-Shocked-Dog.jpg,wha? someone turned the trash over,how dare they!,392,1
https://i.imgflip.com/3c125j.jpg,Blankie-the-Shocked-Dog.jpg,when teacher calls ur name,to answer the question,385,1
https://i.imgflip.com/32qn4n.jpg,Blankie-the-Shocked-Dog.jpg,when you have your first viral post,and you're not even sure how it happened,216,0
https://i.imgflip.com/2fchya.jpg,Blankie-the-Shocked-Dog.jpg,"wait, if you shoot the postman",who will i bark at?,380,2
https://i.imgflip.com/2fuy3a.jpg,Blankie-the-Shocked-Dog.jpg,when i saw,the spider-man ps4 trailer,289,3
https://i.imgflip.com/z0xzt.jpg,Blankie-the-Shocked-Dog.jpg,donald trump supporters face,when he changes all of his positions in the general election,775,5
https://i.imgflip.com/4fw6pv.jpg,Blankie-the-Shocked-Dog.jpg,rutherford's face,when an alpha particle bounced off the foil,288,0
https://i.imgflip.com/1gc5zm.jpg,Blankie-the-Shocked-Dog.jpg,what's,chlamydia?,2170,3
https://i.imgflip.com/1wqs7h.jpg,Blankie-the-Shocked-Dog.jpg,that device in the bathroom,isnâ€™t an automatic water dispenser?,269,2
https://i.imgflip.com/2pc049.jpg,Blankie-the-Shocked-Dog.jpg,the day that pewdiepie wakes up and see,that t-series is in front of him,220,1
https://i.imgflip.com/2omu0e.jpg,Blankie-the-Shocked-Dog.jpg,when life gives you lemons,you make iced tea,242,1
https://i.imgflip.com/14my66.jpg,Blankie-the-Shocked-Dog.jpg,when someone on the raido,is talking really fast,177,3
https://i.imgflip.com/11pl1f.jpg,Blankie-the-Shocked-Dog.jpg,"you said, roll rover",and i roll rovered,478,4
https://i.imgflip.com/23y39y.jpg,Blankie-the-Shocked-Dog.jpg,why donâ€™t they ever take me,to the liquor store???,155,1
https://i.imgflip.com/213tn6.jpg,Blankie-the-Shocked-Dog.jpg,"ladies, lets not whip every dog we come across during our",#wolfhunt,175,1
https://i.imgflip.com/xdc12.jpg,Blankie-the-Shocked-Dog.jpg,googled baby making to find baby maker apps,i warn you. don't google it!,271,2
https://i.imgflip.com/1wonrf.jpg,Blankie-the-Shocked-Dog.jpg,when zekeal walked,out with nedra,141,1
https://i.imgflip.com/1tp15u.jpg,Blankie-the-Shocked-Dog.jpg,the image of your naked,ass is burnt in my eyes forever,787,1
https://i.imgflip.com/1o33xs.jpg,Blankie-the-Shocked-Dog.jpg,when your dad insults your moms  cooking,"you be like ""you a dead man""",319,2
https://i.imgflip.com/1muq2z.jpg,Blankie-the-Shocked-Dog.jpg,you mean the ball,never left your hand?,117,1
https://i.imgflip.com/1ca2jy.jpg,Blankie-the-Shocked-Dog.jpg,when the kid next to you gets roasted,and he reaches in his book bag for something,179,1
https://i.imgflip.com/3k5gjz.jpg,Blankie-the-Shocked-Dog.jpg,that look you give when you hear,the spiritual awakening i got from the working the twelve steps was the newcomer i married in rehab.,265,1
https://i.imgflip.com/1ied2e.jpg,Blankie-the-Shocked-Dog.jpg,i swear,i just thought it was an awfully chewy bone,574,1
https://i.imgflip.com/1fyqcf.jpg,Blankie-the-Shocked-Dog.jpg,you say trump won,and we're going to make america great again!,353,1
https://i.imgflip.com/63wvt2.jpg,Blankie-the-Shocked-Dog.jpg,when some kid  says 1+1+3x3453(7473-643+643) = 77412809,everybody be like:,48,0
https://i.imgflip.com/5lqors.jpg,Blankie-the-Shocked-Dog.jpg,when i try to be nice to my girlfriend,her: shut up!,116,0
https://i.imgflip.com/5cm5no.jpg,Blankie-the-Shocked-Dog.jpg,when teacher tells learn sth from your friend,me:,51,0
https://i.imgflip.com/55s2i9.jpg,Blankie-the-Shocked-Dog.jpg,when you realize,mango pepsi is great,121,0
https://i.imgflip.com/543muk.jpg,Blankie-the-Shocked-Dog.jpg,when someone says,you mÃ­ssed a godvek stream,69,0
https://i.imgflip.com/4xz04j.jpg,Blankie-the-Shocked-Dog.jpg,i ate cat,what?,73,0
https://i.imgflip.com/4v64fp.jpg,Blankie-the-Shocked-Dog.jpg,when you look at the,expiry date on the milk....,75,0
https://i.imgflip.com/4r23l4.jpg,Blankie-the-Shocked-Dog.jpg,my dogs face when i tell him,i canâ€™t go for a walk naked,75,0
https://i.imgflip.com/4jwseh.jpg,Blankie-the-Shocked-Dog.jpg,there's 2 types of people in this world,there's me and then my parents,98,0
https://i.imgflip.com/4ji1cn.jpg,Blankie-the-Shocked-Dog.jpg,when i realise that it's 9:50 on a monday,school will kill me,68,0
https://i.imgflip.com/4iqp7u.jpg,Blankie-the-Shocked-Dog.jpg,when you used to work in travel,but now your new work mates don't know the 24hr clock,148,0
https://i.imgflip.com/450pyo.jpg,Blankie-the-Shocked-Dog.jpg,when my mom enters my room,and meâ€™s be like,60,0
https://i.imgflip.com/3uycpl.jpg,Blankie-the-Shocked-Dog.jpg,when you dog relized you,cuddle with another dog,75,0
https://i.imgflip.com/3tbar0.jpg,Blankie-the-Shocked-Dog.jpg,satan: what are you doing here  fdr : i served 4terms instead of 2,satan,207,0
https://i.imgflip.com/3q8ya3.jpg,Blankie-the-Shocked-Dog.jpg,my dogâ€™s reaction,when he sees me naked.,200,0
https://i.imgflip.com/3pi78j.jpg,Blankie-the-Shocked-Dog.jpg,heâ€™s been hanging,with the cat again.,215,0
https://i.imgflip.com/3k5pg1.jpg,Blankie-the-Shocked-Dog.jpg,you know i can't,have chocolate!,149,0
https://i.imgflip.com/3i8jwx.jpg,Blankie-the-Shocked-Dog.jpg,when you forget your,man in the mirror,170,0
https://i.imgflip.com/2xj0ya.jpg,Blankie-the-Shocked-Dog.jpg,when the teacher says homework is due tomorrow,and you never started it,191,0
https://i.imgflip.com/2pe9kr.jpg,Blankie-the-Shocked-Dog.jpg,the hater's say,whatttttttttttttttt,355,0
https://i.imgflip.com/2j0db2.jpg,Blankie-the-Shocked-Dog.jpg,that look when a coworker has,called to get his sleeve pt all in one day!!!!!,404,0
https://i.imgflip.com/25duez.jpg,Blankie-the-Shocked-Dog.jpg,only 2 months,until the wedding,187,0
https://i.imgflip.com/1yqaji.jpg,Blankie-the-Shocked-Dog.jpg,"killed my dad, had six children with my sister, and ate 5 of them",greed can make u do things u will regret,116,0
https://i.imgflip.com/11mn61.jpg,Blankie-the-Shocked-Dog.jpg,"you're, you're, you're",pregnant!!!,230,0
https://i.imgflip.com/1gv9qo.jpg,Blankie-the-Shocked-Dog.jpg,when teachers realize they got paid before break,and the next check won't be until january 31!!,4660,0
https://i.imgflip.com/1z3i77.jpg,Blankie-the-Shocked-Dog.jpg,when youâ€™re caught,having an affair,163,0
https://i.imgflip.com/23nwet.jpg,Blankie-the-Shocked-Dog.jpg,when you walk into the room and see,that someone ate  all your spaget,116,0
https://i.imgflip.com/3idq6s.jpg,Blankie-the-Shocked-Dog.jpg,when you find out,your adopted !!!,105,0
https://i.imgflip.com/3r75v2.jpg,Blankie-the-Shocked-Dog.jpg,i slapped my science teachers ass,he slapped back,138,0
https://i.imgflip.com/3wf89c.jpg,Blankie-the-Shocked-Dog.jpg,you did what,i'm telling,89,0
https://i.imgflip.com/4ntbyy.jpg,Blankie-the-Shocked-Dog.jpg,when you eat bean,your stomach:,45,0
https://i.imgflip.com/5zzlwb.jpg,Blankie-the-Shocked-Dog.jpg,my brain when i hear mom and dad fighting,i am missing the bacchanal,61,0
https://i.imgflip.com/5xv8a0.jpg,Persian-Cat-Room-Guardian-Single.jpg,me opens window for fresh are,everyone onn the iss,792,0
https://i.imgflip.com/5sgsrt.jpg,Persian-Cat-Room-Guardian-Single.jpg,every single person,when they find their favorite emoji hasn't been animated in telegram,1128,2
https://i.imgflip.com/55w88m.jpg,Persian-Cat-Room-Guardian-Single.jpg,me *still up at 3am looking at memes*,my husband getting a glass of water.,1800,6
https://i.imgflip.com/4e2pdn.jpg,Persian-Cat-Room-Guardian-Single.jpg,how can we have rules,if there are always exceptions,4708,12
https://i.imgflip.com/2u5cck.jpg,Persian-Cat-Room-Guardian-Single.jpg,when your show gets,to the last episode,25522,0
https://i.imgflip.com/42ya6t.jpg,Persian-Cat-Room-Guardian-Single.jpg,me: scrolls through old memes i made,why tho?,7514,0
https://i.imgflip.com/3v835f.jpg,Persian-Cat-Room-Guardian-Single.jpg,when you make a meme thinking its gonna get a lotta upvotes,"but its still on the 7,618 page",6486,10
https://i.imgflip.com/38ah6h.jpg,Persian-Cat-Room-Guardian-Single.jpg,"just read through a flame war post in politics, no one upvoted any replies, and no one was convinced of the others' platform",dont yall realize how many points and upvotes you could have had!?,10242,0
https://i.imgflip.com/4q3jof.jpg,Persian-Cat-Room-Guardian-Single.jpg,yung ngumingiti kana sa chat nya,wala na finish na,1937,0
https://i.imgflip.com/4omks2.jpg,Persian-Cat-Room-Guardian-Single.jpg,when i release it is wednesday and not thurday,how is that possible i did the math problem,1916,0
https://i.imgflip.com/4gtm5f.jpg,Persian-Cat-Room-Guardian-Single.jpg,when you report a body everyone else: white is kinda sus,white:,2266,3
https://i.imgflip.com/58p7kw.jpg,Persian-Cat-Room-Guardian-Single.jpg,no,stop whining and then your life can have meaning,623,1
https://i.imgflip.com/3t5d1b.jpg,Persian-Cat-Room-Guardian-Single.jpg,when i go to the local publix,and see the toilet paper gone...like why!,4615,3
https://i.imgflip.com/2xjdtx.jpg,Persian-Cat-Room-Guardian-Single.jpg,when u walk into class,and have not worked on ur presentation,3626,0
https://i.imgflip.com/48otxh.jpg,Persian-Cat-Room-Guardian-Single.jpg,when the guy ahead of you in self-checkout on the only register accepting cash,uses a credit card,2490,3
https://i.imgflip.com/2ltduo.jpg,Persian-Cat-Room-Guardian-Single.jpg,i like my men like my grapes,dark and 25 at a time,35761,0
https://i.imgflip.com/3lfzqc.jpg,Persian-Cat-Room-Guardian-Single.jpg,why are you still talking,no one cares,4173,3
https://i.imgflip.com/2wc9ad.jpg,Persian-Cat-Room-Guardian-Single.jpg,"mrs. arundle ""we are on measure 15""","choir students ""what measure are we on""",5428,5
https://i.imgflip.com/3kk0l9.jpg,Persian-Cat-Room-Guardian-Single.jpg,is it really too much to ask,for just one roast meme to be spelled correctly?,3439,0
https://i.imgflip.com/2xober.jpg,Persian-Cat-Room-Guardian-Single.jpg,when your driving to work,and realize you forgot your charger,4520,4
https://i.imgflip.com/3b0on9.jpg,Persian-Cat-Room-Guardian-Single.jpg,when you have been waiting a year for traveling salesman,and he still havenâ€™t arrived,3119,2
https://i.imgflip.com/3tzuv7.jpg,Persian-Cat-Room-Guardian-Single.jpg,when you open a gum pack in school,but no one ask for any,3215,2
https://i.imgflip.com/3nlfm6.jpg,Persian-Cat-Room-Guardian-Single.jpg,why,are you still here,3050,2
https://i.imgflip.com/1xoujj.jpg,Persian-Cat-Room-Guardian-Single.jpg,it's monday again,really?,4762,5
https://i.imgflip.com/3u4jek.jpg,Persian-Cat-Room-Guardian-Single.jpg,me on the toilet,damn it no toilet paper,165,2
https://i.imgflip.com/1gym5s.jpg,Persian-Cat-Room-Guardian-Single.jpg,and just like that,*poof* out of weed,8669,6
https://i.imgflip.com/1lmvnw.jpg,Persian-Cat-Room-Guardian-Single.jpg,when your teacher hands you the test,we didn't learn any of this,962,0
https://i.imgflip.com/37ds4q.jpg,Persian-Cat-Room-Guardian-Single.jpg,anti-porch package theft technology,persian cat hopped up on caffeine and offering hugs with razor sharp claws,2964,1
https://i.imgflip.com/2ahirf.jpg,Persian-Cat-Room-Guardian-Single.jpg,so there i was,a cat with thumbs and no ears....,5458,0
https://i.imgflip.com/1bsq85.jpg,Persian-Cat-Room-Guardian-Single.jpg,...and then  i said,watch the carpet man,5113,0
https://i.imgflip.com/2o11qi.jpg,Persian-Cat-Room-Guardian-Single.jpg,themanwhoknocks,but rings the bell,2909,0
https://i.imgflip.com/1bjxbx.jpg,Persian-Cat-Room-Guardian-Single.jpg,when you get your finals back,"like, did you really expect me to study",3720,4
https://i.imgflip.com/1i2b42.jpg,Persian-Cat-Room-Guardian-Single.jpg,"i don't think as many people would quote the bible if instead of ""in the beginning"" the first sentence was",what hat happen wuz,4951,3
https://i.imgflip.com/1rygd7.jpg,Persian-Cat-Room-Guardian-Single.jpg,i acan't keep calm,it's my birthday! ðŸ‘ŠðŸ‘Š,4944,0
https://i.imgflip.com/26kzhj.jpg,Persian-Cat-Room-Guardian-Single.jpg,look at me,what am iiiii,6188,0
https://i.imgflip.com/2bahnk.jpg,Persian-Cat-Room-Guardian-Single.jpg,i got yelled at by the teacher,when the kid next to me did it in front of her,4343,1
https://i.imgflip.com/1lv02w.jpg,Persian-Cat-Room-Guardian-Single.jpg,happy birthday tshepo  ke go rata go pala mmata. happy birthday pal,on your birthday i send u dozens of good wishes with a bucket of love and a bag full of happy memories. a very happy birthday to you pal !!!!,20721,1
https://i.imgflip.com/3ea26j.jpg,Persian-Cat-Room-Guardian-Single.jpg,me when i say the correct answer to a hard question and the teacher doesn't answer,but someone raises their hand 20 minutes later and the teacher applauds,2819,1
https://i.imgflip.com/3gyd43.jpg,Persian-Cat-Room-Guardian-Single.jpg,when its someone else's period,but out of nowher physics hod come in,2587,0
https://i.imgflip.com/1jump1.jpg,Persian-Cat-Room-Guardian-Single.jpg,when you get back from school,and your mom starts to scream at u,4908,1
https://i.imgflip.com/zkbrn.jpg,Persian-Cat-Room-Guardian-Single.jpg,when you get called in to work on your day off,to cover for your hungover coworker,11948,0
https://i.imgflip.com/260ufj.jpg,Persian-Cat-Room-Guardian-Single.jpg,what is,wrong with you !?,268,1
https://i.imgflip.com/3ea2bs.jpg,Persian-Cat-Room-Guardian-Single.jpg,when i give clear instructions to my class 10 times,and that one kid asks me a question i just answered,1699,0
https://i.imgflip.com/35mol6.jpg,Persian-Cat-Room-Guardian-Single.jpg,when your book is listed as available in the library,but isnâ€™t on the shelves,1182,0
https://i.imgflip.com/5fl26h.jpg,Persian-Cat-Room-Guardian-Single.jpg,me when my my mom says dinners ready,me there to no food,84,0
https://i.imgflip.com/45x7e1.jpg,Persian-Cat-Room-Guardian-Single.jpg,you want to survive covid you say,but you get it and god yeets you out of this world,137,0
https://i.imgflip.com/4598cv.jpg,Persian-Cat-Room-Guardian-Single.jpg,"johannes adam ferdinand alois josef maria marco d'aviano pius, prince of liechtenstein, or his wife, countess georgina norberta johanna franziska antonie marie raphaela",give me your money,320,0
https://i.imgflip.com/3shfln.jpg,Persian-Cat-Room-Guardian-Single.jpg,why why,come on,623,0
https://i.imgflip.com/3s28c8.jpg,Persian-Cat-Room-Guardian-Single.jpg,when youâ€™re favorite tv show says new episodes,but there are no new episodes,765,0
https://i.imgflip.com/2htawh.jpg,Persian-Cat-Room-Guardian-Single.jpg,tranzlashun it iz dat openeth teh window,2 let in da light,356,0
https://i.imgflip.com/62mzjz.jpg,Smiling-Jesus.jpg,in the name of all what looks,like holy shit,207,2
https://i.imgflip.com/5ud3sm.jpg,Smiling-Jesus.jpg,he loves you,and expects you to love others!,524,0
https://i.imgflip.com/5plk74.jpg,Smiling-Jesus.jpg,get a haircut,says the bald roman,462,2
https://i.imgflip.com/1yh304.jpg,Smiling-Jesus.jpg,god created heaven and earth,the rest was made in china,26356,0
https://i.imgflip.com/5kgkbd.jpg,Smiling-Jesus.jpg,"ngl, sinning is cringe","-god, 2021",705,0
https://i.imgflip.com/5q5dti.jpg,Smiling-Jesus.jpg,the humans think i'm returning to earth,"well,let them believe that,i ain't leaving heaven to go to hell",438,0
https://i.imgflip.com/4mjj26.jpg,Smiling-Jesus.jpg,god created heaven and earth,the rest was made in china,1555,6
https://i.imgflip.com/4k3q34.jpg,Smiling-Jesus.jpg,jesus cares,that you have a good day,1497,0
https://i.imgflip.com/4tpptn.jpg,Smiling-Jesus.jpg,"take my yoke upon you, and blearn of me","for i am meek and lowly in heart: and ye shall find rest unto your souls. and ye shall find rest unto your souls. 30 for my yoke is easy, and my burden is light.matthew 11:28-30",978,3
https://i.imgflip.com/4klqof.jpg,Smiling-Jesus.jpg,jesus saves,but moses invests,788,3
https://i.imgflip.com/2yjis4.jpg,Smiling-Jesus.jpg,if a pigeon crashes into your window,is god playing angry birds with you ?,3253,14
https://i.imgflip.com/16q0w8.jpg,Smiling-Jesus.jpg,"""jesus loves the little children of the world""",but not jenny. jenny didn't get enough likes on fb.,19313,0
https://i.imgflip.com/4pomg7.jpg,Smiling-Jesus.jpg,guess who,can still come over for christmas,728,2
https://i.imgflip.com/45v5lq.jpg,Smiling-Jesus.jpg,"'""love the lord your god with all of your heart, all your soul, all your strength. and all your mind.' and 'love your neighbor as yourself.'""","notice how i did not say the only way to do so was through me? it's called a ""clue"" people.",2128,0
https://i.imgflip.com/1tdib7.jpg,Smiling-Jesus.jpg,jesus,loves you!,5095,0
https://i.imgflip.com/3l29e0.jpg,Smiling-Jesus.jpg,jesus christ,i look good,2258,4
https://i.imgflip.com/2ovsaw.jpg,Smiling-Jesus.jpg,jesus said 'i am god'  sadducees said 'no way',jesus said 'yahweh',2849,9
https://i.imgflip.com/3sgsxc.jpg,Smiling-Jesus.jpg,its over satanikan,i have the high ground,1748,3
https://i.imgflip.com/3slb4m.jpg,Smiling-Jesus.jpg,my people..faith & fear,cannot live in the same place,5933,2
https://i.imgflip.com/5adwc9.jpg,Smiling-Jesus.jpg,the earth is 4.5 billion years old,"was born only 2,000 years ago to tell everyone his dad created everything and that they should worship him",2403,2
https://i.imgflip.com/3iwcua.jpg,Smiling-Jesus.jpg,once upon a time there was a great flood,you know what i'm sayin' ?,4462,0
https://i.imgflip.com/3nmfi8.jpg,Smiling-Jesus.jpg,wwsd,cause you already know what i would do,4737,2
https://i.imgflip.com/2z3xwa.jpg,Smiling-Jesus.jpg,feelinâ€™ cute,maybe iâ€™ll just come on out of this tomb...idk,1888,4
https://i.imgflip.com/2m791l.jpg,Smiling-Jesus.jpg,before you ask for more,first be thankful for what you have,2850,6
https://i.imgflip.com/21hxh4.jpg,Smiling-Jesus.jpg,jesus wouldn't do cocaine,in the restroom,12958,0
https://i.imgflip.com/1yk5lf.jpg,Smiling-Jesus.jpg,creates the universe and the earth,gets nailed to a cross in return,1636,0
https://i.imgflip.com/10bzc3.jpg,Smiling-Jesus.jpg,it's a sad lot indeed when,people would rather argue over what color i am rather than being good people...,4038,16
https://i.imgflip.com/2lxbyi.jpg,Smiling-Jesus.jpg,the elections are over and the sun is up,you can all just smile and enjoy the day,1313,5
https://i.imgflip.com/1vjm97.jpg,Smiling-Jesus.jpg,when you hear slayer,after nothing but pop all day,5210,0
https://i.imgflip.com/1njp7e.jpg,Smiling-Jesus.jpg,if you don't sin,i died for nothing,3993,0
https://i.imgflip.com/12rbgp.jpg,Smiling-Jesus.jpg,imgflip,a great community where the top users are humble people and comment on other peoples memes,3009,0
https://i.imgflip.com/2pk11p.jpg,Smiling-Jesus.jpg,all i want for christmas,is you!!!,2851,0
https://i.imgflip.com/3bdhxa.jpg,Smiling-Jesus.jpg,these mods been doing me,pontious pilate,701,3
https://i.imgflip.com/12rbly.jpg,Smiling-Jesus.jpg,imgflip,where everyone seems to know each other,1475,0
https://i.imgflip.com/2ltxu8.jpg,Smiling-Jesus.jpg,"depending on the election results, half of you will be unhappy tomorrow","use your last happy day well, spread some kindness while you still can",3106,3
https://i.imgflip.com/16n0cz.jpg,Smiling-Jesus.jpg,maury is not the only place,to find your father,1987,0
https://i.imgflip.com/19klxe.jpg,Smiling-Jesus.jpg,i had followers,before twitter,1444,8
https://i.imgflip.com/26sfcw.jpg,Smiling-Jesus.jpg,when he sees you nut,but you're praying to god,1989,0
https://i.imgflip.com/1vhoit.jpg,Smiling-Jesus.jpg,i'm a member of,jews for jesus,2211,0
https://i.imgflip.com/1o2ikl.jpg,Smiling-Jesus.jpg,no dude i wouldn't,build a wall,1605,0
https://i.imgflip.com/1ncc6c.jpg,Smiling-Jesus.jpg,if you don't trust jesus as your lord and savior,you shouldn't be celebrating easter,2402,0
https://i.imgflip.com/1kfi2x.jpg,Smiling-Jesus.jpg,jesus was trans-,figured on the mount of olives.  read all about it in matt. 17: 1-8,22343,4
https://i.imgflip.com/1ze1a6.jpg,Smiling-Jesus.jpg,when you hear people talk shit about you,as you enter the conversation and you say you don't care,2470,0
https://i.imgflip.com/39yarm.jpg,Smiling-Jesus.jpg,i love you my child,"no, not you... the one behind you. ha! made you look!",9950,0
https://i.imgflip.com/2fvrfm.jpg,Smiling-Jesus.jpg,aragorn,and i are bros,880,2
https://i.imgflip.com/10fuhh.jpg,Smiling-Jesus.jpg,if your pastor is wealthier than the people he serves,"you should wonder, is he here to help us, or are we here yo help him?",2200,5
https://i.imgflip.com/2g5qgi.jpg,Smiling-Jesus.jpg,"hey, i'm not jesus",the real jesus was dark and short,3513,0
https://i.imgflip.com/33xmsg.jpg,Smiling-Jesus.jpg,there is magic in the world,"just like hot water was the first medicine, so being kind is your first magic",850,1
https://i.imgflip.com/1vhcv2.jpg,Smiling-Jesus.jpg,my name is jesus christ,and i am the nra,2849,0
https://i.imgflip.com/xvzef.jpg,Smiling-Jesus.jpg,you hate me for no reason,i died a torturous death for you because i love you.,7750,6
https://i.imgflip.com/112ovw.jpg,Smiling-Jesus.jpg,like i just said to peter the other day,"if i were the gop frontrunner, the media would crucify me too",2155,0
https://i.imgflip.com/29vv2p.jpg,Smiling-Jesus.jpg,jedz  placki,a trafisz do nieba,1324,0
https://i.imgflip.com/1zldat.jpg,Smiling-Jesus.jpg,anybody got directions to,valhalla,834,0
https://i.imgflip.com/1v5p5x.jpg,Smiling-Jesus.jpg,i wouldn't have waited to be asked,"i'd have opened my church out of the kindness of my heart, joel osteen",1377,0
https://i.imgflip.com/200qcb.jpg,Smiling-Jesus.jpg,70 x 7,â‰  777,962,3
https://i.imgflip.com/198l1j.jpg,Smiling-Jesus.jpg,the devil,is a communist,3474,0
https://i.imgflip.com/1nwhk8.jpg,Smiling-Jesus.jpg,remember even the greatest story ever told has 4 versions,don't take everything you hear as gospel,974,0
https://i.imgflip.com/2fsp48.jpg,Smiling-Jesus.jpg,jesus the author,i wrote my gospels kjv: hebrews: 12:2,1164,0
https://i.imgflip.com/1gw8ct.jpg,Smiling-Jesus.jpg,2017,welcome,1421,2
https://i.imgflip.com/2y8xr1.jpg,Smiling-Jesus.jpg,feeling cute today,may save you from your sins later...idk,3303,1
https://i.imgflip.com/zh793.jpg,Smiling-Jesus.jpg,the same folks who have my teachings all screwed up,are the same folks who think i actually look like this.,1660,2
https://i.imgflip.com/1ykzp1.jpg,Smiling-Jesus.jpg,"""i turn this water into wine and will now break bread with thee""","he then realized we could feed ourselves, bummer...",1294,1
https://i.imgflip.com/2kejdx.jpg,Smiling-Jesus.jpg,don't accept cheap imitations,i'm the real jesus,789,0
https://i.imgflip.com/11i8d0.jpg,Smiling-Jesus.jpg,"hey girl, i've already been nailed",now it's your turn,21073,0
https://i.imgflip.com/2yi62l.jpg,Smiling-Jesus.jpg,what's the difference between me and super mario,most people actually know he's a fictional character,624,0
https://i.imgflip.com/1914o2.jpg,Smiling-Jesus.jpg,can't wait to give,your baby cancer,3004,0
https://i.imgflip.com/12q054.jpg,Smiling-Jesus.jpg,i smiled when i heard tump say my name,but then i noticed he curced the mexicans with it,646,0
https://i.imgflip.com/4fx4xi.jpg,Smiling-Jesus.jpg,love  one  another,now we all have herpes,510,2
https://i.imgflip.com/190wi9.jpg,Smiling-Jesus.jpg,there is another term for political correctness that i prefer,it is called compassion,1662,3
https://i.imgflip.com/260sxu.jpg,Smiling-Jesus.jpg,remember,this is my face when i watch you pull your pud,7386,0
https://i.imgflip.com/231b80.jpg,Smiling-Jesus.jpg,"theory: people who ""worship"" ""freedom"" without holding their leaders acountable",and using critical thinking skills to enforce it get tyranny! just sayin',1099,0
https://i.imgflip.com/39io4g.jpg,Smiling-Jesus.jpg,when you get confirmed,and you go out and help your community,481,1
https://i.imgflip.com/1x7pfq.jpg,Smiling-Jesus.jpg,of course,i hate you,847,1
https://i.imgflip.com/1vjduu.jpg,Smiling-Jesus.jpg,jesus wishes you,a sensational day praise be to you todd,242,1
https://i.imgflip.com/1v5svz.jpg,Smiling-Jesus.jpg,i see you joel osteen,and i am not happy,985,1
https://i.imgflip.com/1h7i5m.jpg,Smiling-Jesus.jpg,"sure, i look european here.  but the next person who",paints me as a negro is going to hell.,513,1
https://i.imgflip.com/3ei8ah.jpg,Smiling-Jesus.jpg,i see u r taking more than one candy,iâ€™m telling god,720,0
https://i.imgflip.com/3axqr5.jpg,Smiling-Jesus.jpg,some people would take the,credit for jesus coming back,828,0
https://i.imgflip.com/3a8zge.jpg,Smiling-Jesus.jpg,people say they don't believe in god,it's okay neither does he,881,0
https://i.imgflip.com/2pbi6c.jpg,Smiling-Jesus.jpg,when dose parental obligation begin/ end,asking for a fetus,235,0
https://i.imgflip.com/2ebnsi.jpg,Smiling-Jesus.jpg,i've been gone since late july,hebrews actin like i died,207,0
https://i.imgflip.com/26tibi.jpg,Smiling-Jesus.jpg,i was born in 27ad in jerusalem,weird thing everyone around me is brown but i'm wight still trying to figure that one out,862,0
https://i.imgflip.com/2521r3.jpg,Smiling-Jesus.jpg,"make lots of money, buy lots of stuff for yourself  and shoot people",-jesus,442,0
https://i.imgflip.com/1ykzfv.jpg,Smiling-Jesus.jpg,"and so god said unto humans ""turn the other cheek""",to which humans promptly nailed his child to a cross,388,0
https://i.imgflip.com/1wptes.jpg,Smiling-Jesus.jpg,i was born in the,united states,346,0
https://i.imgflip.com/15ehgv.jpg,Smiling-Jesus.jpg,i met that mohamed guy once,"""hell"" of a guy!",525,0
https://i.imgflip.com/z3heg.jpg,Smiling-Jesus.jpg,i saw what you were doing,jr. and ricky,1948,0
https://i.imgflip.com/16qrk9.jpg,Smiling-Jesus.jpg,"""everyone has the right to their own religious beliefs. but not to the point that practicing those would impinge on my beliefs, and on my freedoms.""",susan hrostowski,1786,0
https://i.imgflip.com/1t3r8z.jpg,Smiling-Jesus.jpg,stop running with the devil,and start walking with jesus,1594,1
https://i.imgflip.com/1ramgp.jpg,Smiling-Jesus.jpg,we must give everything to the military,"and give those scurvy poor 3 less fish, especially the least able, half as much as that.",628,2
https://i.imgflip.com/3b5a9o.jpg,Smiling-Jesus.jpg,why men great,til they gotta be great,3744,0
https://i.imgflip.com/2w9ytc.jpg,Smiling-Jesus.jpg,dat time when you know you're about to be executed,but they still bringing you your last meal of bread and wine,289,1
https://i.imgflip.com/2z6r9d.jpg,Smiling-Jesus.jpg,i just got back,and ya'll out here actin the fool already,615,0
https://i.imgflip.com/2i1wnq.jpg,Smiling-Jesus.jpg,even jesus,hates you jamie,1550,0
https://i.imgflip.com/3ikw2e.jpg,Smiling-Jesus.jpg,"roses are red, violets are blue",it is impossible for atheism to ever be true.,239,1
https://i.imgflip.com/42n4pw.jpg,Smiling-Jesus.jpg,pranksters,are gangsters,366,0
https://i.imgflip.com/5eer79.jpg,Smiling-Jesus.jpg,when,does this guy do something?,105,0
https://i.imgflip.com/3gujra.jpg,Emperor-Palpatine.jpg,yes yeeeeeeees,let the butthurt control you,2069,3
https://i.imgflip.com/3kedeb.jpg,Emperor-Palpatine.jpg,if you think baby yoda is cute,wait till you see baby palpatine,2462,2
https://i.imgflip.com/3m11np.jpg,Emperor-Palpatine.jpg,can destroy an entire resistance fleet with force lightning,can't stop an orphan with big ears,1800,3
https://i.imgflip.com/2aq1kp.jpg,Emperor-Palpatine.jpg,you are on your way,to the dank side of the memes,3652,0
https://i.imgflip.com/31e4yp.jpg,Emperor-Palpatine.jpg,king bran the broken,age 80,4935,2
https://i.imgflip.com/403wo3.jpg,Emperor-Palpatine.jpg,the qt's are still,fully operational,1069,1
https://i.imgflip.com/3rnp6l.jpg,Emperor-Palpatine.jpg,"yes, yessssssssssssssss",be sure to drink your palpatine,614,1
https://i.imgflip.com/1p6zw8.jpg,Emperor-Palpatine.jpg,do it do it do it do it do it do it do it do it do it do it do it do it do it do it do it do it do it do it,do it do it do it do it do it do it do it do it do it do it do it do it do it do it do it do it do it do it,42533,4
https://i.imgflip.com/16fdug.jpg,Emperor-Palpatine.jpg,you'll recognize me,once i put on my lipstick and chanel pantsuit,7018,7
https://i.imgflip.com/26ibnx.jpg,Emperor-Palpatine.jpg,good good,let the unconditional love and support flow through you,10922,1
https://i.imgflip.com/13wiyq.jpg,Emperor-Palpatine.jpg,good good,let the microagressions flow.,15956,3
https://i.imgflip.com/27b1ga.jpg,Emperor-Palpatine.jpg,"good, good",let the whiteness flow through you young dolezal,5452,1
https://i.imgflip.com/124dht.jpg,Emperor-Palpatine.jpg,excellent,my apprentice,59458,3
https://i.imgflip.com/1gitud.jpg,Emperor-Palpatine.jpg,good good,let the immaturity flow through you,3327,0
https://i.imgflip.com/16b4tx.jpg,Emperor-Palpatine.jpg,the eu will be reorganised,into the first galactic empire!,1697,3
https://i.imgflip.com/16f9yy.jpg,Emperor-Palpatine.jpg,the uk will be reorganised,into the first galactic empire!,1702,1
https://i.imgflip.com/1b60kx.jpg,Emperor-Palpatine.jpg,mfw,i see hillary falling down and forgetting where she is during speeches,820,4
https://i.imgflip.com/3xc3dh.jpg,Emperor-Palpatine.jpg,good good,your ignorance has made you dumber,496,1
https://i.imgflip.com/3lbqaa.jpg,Emperor-Palpatine.jpg,yes,use the dork side,636,1
https://i.imgflip.com/2e7b4m.jpg,Emperor-Palpatine.jpg,when you see a creepy old man,hehehehehehehehehehehe,702,1
https://i.imgflip.com/3szru7.jpg,Emperor-Palpatine.jpg,come to the darkside,let the corona flow through your veins...,401,0
https://i.imgflip.com/584w0f.jpg,Emperor-Palpatine.jpg,good good national starwars day tomorrow,must plot an evil scheme to piss off my teacher,85,0
https://i.imgflip.com/3jev8i.jpg,A-center-for-ants.jpg,when people tell me my pics,come out pixelated,2375,0
https://i.imgflip.com/2c28gh.jpg,A-center-for-ants.jpg,what is this,a pacemaker for ants?,1033,0
https://i.imgflip.com/3tqbb4.jpg,A-center-for-ants.jpg,covid 19? how can you expect kids to want to learn to read and stuff,if they canâ€™t even get into the building?,601,0
https://i.imgflip.com/5ixddq.jpg,clown-computer.jpg,hey guys look,i found a reddit user,5244,0
https://i.imgflip.com/5qbnnh.jpg,clown-computer.jpg,politics in a nutshell,bottom text,3445,6
https://i.imgflip.com/5kbpu2.jpg,clown-computer.jpg,12 year olds who just discovered conspiracies videos on youtube be like,"""im so smort now!""",4673,6
https://i.imgflip.com/4zv3cc.jpg,clown-computer.jpg,me searching food near me,knowing i keep my location services off,4192,15
https://i.imgflip.com/5lody6.jpg,clown-computer.jpg,informing the owner that we found a possible zoning issue,construction documents 75% completed,2685,3
https://i.imgflip.com/56rv8v.jpg,clown-computer.jpg,this is footage of you,using imgflip right now,2703,0
https://i.imgflip.com/4dl972.jpg,clown-computer.jpg,<--,the person who buys imgflip pro,2134,0
https://i.imgflip.com/4ab728.jpg,clown-computer.jpg,working at the meme headquarters,ready to make daily memes?,3050,0
https://i.imgflip.com/593qh2.jpg,clown-computer.jpg,when you have a project worth half your grade due tomorrow,but you just started it at 11:55,1717,1
https://i.imgflip.com/4mahap.jpg,clown-computer.jpg,my sister: your memes suck,also my sister: laughing at dead memes,1316,2
https://i.imgflip.com/4d7f8z.jpg,clown-computer.jpg,people saying that goku is stronger than saitama,you must be joking bro,1137,0
https://i.imgflip.com/3p839h.jpg,clown-computer.jpg,if you look real closely,you see 2 clowns staring at each other,5696,0
https://i.imgflip.com/36pbsu.jpg,clown-computer.jpg,i think you misread the memo,it's dress down friday. not dress like  a clown on friday,2515,2
https://i.imgflip.com/61g8un.jpg,clown-computer.jpg,this place is a circus,and it's being run by clowns,311,1
https://i.imgflip.com/5uj7vj.jpg,clown-computer.jpg,when you,when you ask who joe is,48,0
https://i.imgflip.com/5lg0vk.jpg,clown-computer.jpg,guys,a wild redditor,76,0
https://i.imgflip.com/5iw5je.jpg,clown-computer.jpg,subs on findom twitter,"""but i don't send to dommes""",154,0
https://i.imgflip.com/42gzd7.jpg,clown-computer.jpg,dressed for,working from home,425,0
https://i.imgflip.com/3q06o1.jpg,clown-computer.jpg,this is what teachers look like,when they try to give homework to the homeless kid,625,0
https://i.imgflip.com/3f09f4.jpg,clown-computer.jpg,man i look good,my sister no u dont,1669,0
